Juan,25,Madrid
María,30,Barcelona
Pedro,22,Valencia
Juan,25,Madrid
María,30,Barcelona
Pedro,22,Valencia
Juan,25,Madrid
María,30,Barcelona
Pedro,22,Valencia
Juan,25,Madrid
María,30,Barcelona
Pedro,22,Valencia
Juan,25,Madrid
María,30,Barcelona
Pedro,22,Valencia
Juan,25,Madrid
María,30,Barcelona
Pedro,22,Valencia
Juan,25,Madrid
María,30,Barcelona
Pedro,22,Valencia
Juan,25,Madrid
María,30,Barcelona
Pedro,22,Valencia
Juan,25,Madrid
María,30,Barcelona
Pedro,22,Valencia
Juan,25,Madrid
María,30,Barcelona
Pedro,22,Valencia
Juan,25,Madrid
María,30,Barcelona
Pedro,22,Valencia
Juan,25,Madrid
María,30,Barcelona
Pedro,22,Valencia
Juan,25,Madrid
María,30,Barcelona
Pedro,22,Valencia
Juan,25,Madrid
María,30,Barcelona
Pedro,22,Valencia
Juan,25,Madrid
María,30,Barcelona
Pedro,22,Valencia
Juan,25,Madrid
María,30,Barcelona
Pedro,22,Valencia
Juan,25,Madrid
María,30,Barcelona
Pedro,22,Valencia
Juan,25,Madrid
María,30,Barcelona
Pedro,22,Valencia
Juan,25,Madrid
María,30,Barcelona
Pedro,22,Valencia
Juan,25,Madrid
María,30,Barcelona
Pedro,22,Valencia
Juan,25,Madrid
María,30,Barcelona
Pedro,22,Valencia
Juan,25,Madrid
María,30,Barcelona
Pedro,22,Valencia
Juan,25,Madrid
María,30,Barcelona
Pedro,22,Valencia
Juan,25,Madrid
María,30,Barcelona
Pedro,22,Valencia
Juan,25,Madrid
María,30,Barcelona
Pedro,22,Valencia
Juan,25,Madrid
María,30,Barcelona
Pedro,22,Valencia
Juan,25,Madrid
María,30,Barcelona
Pedro,22,Valencia
Juan,25,Madrid
María,30,Barcelona
Pedro,22,Valencia
